USE master_of_music_db;


INSERT INTO questions (id, question, game_id)
VALUES (1,'Which famous music group were formerly known as the New Yardbirds?', 3),
       (2, 'Who is the lead singer of Pearl Jam?', 3),
       (3, 'The Grateful Dead’s highly-devoted fanbase are known as what?', 3),
       (4,'Which band has the single most sold album of all time?', 3),
       (5, 'Who released the album "Nevermind" in 1991?', 3),
       (6, 'The characters Tommy and Gina feature in which two Bon Jovi singles?', 3),
       (7, 'In Don McLean’s American Pie, “the day the music died” refers to the plane crash that killed Richie Valens, The Big Bopper and which other pioneer of rock and roll?', 3),
       (8, 'Which band formed in Syndey, was started by the brothers Angus and Malcolm Young?', 3),
       (9, 'What is the original name of American rock musician Alice Cooper?', 3),
       (10, 'Name the heavy metal band that was formed by guitarist James Hetfield and drummer Lars Ulrich in 1981.', 3),
       (11, 'Name the rock band that was originally named after basketball player Mookie Blaylock?', 3),
       (12, 'For which track, the Australian rock band AC/DC received their first Grammy Award in 2010.', 3),
       (13,'In which year was John Lennon\'s notable album "Imagine" released?', 3),
       (14, 'The song "Born in the U.S.A." (1984) is associated with which singer?', 3),
       (15, 'This Academy Award winner, for his performance in "Dallas Buyers Club," also co-founded the popular alternative rock band called 30 Seconds to Mars.', 3),
       (16, 'Which rock group was Ozzy Osbourne a member of before starting his solo career?', 3),
       (17, 'In which year was the American rock group Aerosmith inducted into the Rock and Roll Hall of Fame?', 3),
       (18, 'Which of these singers was inducted three times in Rock and Roll Hall of Fame?', 3),
       (19, 'This Canadian musician established herself as alternative rock’s foremost female vocalist with the album "Jagged Little Pill":', 3),
       (20, 'The rock band that won Grammy Awards for the track "The End Is the Beginning Is the End" for the film "Batman & Robin":', 3),

       (21, 'Which singer changed their name to an unpronounceable symbol, known as the “Love Symbol”, during a contract dispute with their record label in 1993?', 3),
       (22, 'Whose first solo album, released in June 2003, was called “Dangerously in Love”?', 3),
       (23, 'Adam Levine is the lead singer of which pop group?', 3),
       (24, 'Who had a number one hit single in both the US and the UK in 2017, with the single “Perfect”?', 3),
       (25, 'Which pop singer won a Grammy Award for Best Dance Recording for the song “Where Are U Now”?', 3),
       (26, 'Which DJ wrote and produced the hit song “We Found Love” for Rihanna?', 3),
       (27, 'Which classic 1964 single became The Temptations first U.S. number one?', 3),
       (28, 'Which song became The Beatles first U.S. number one hit single in 1964?', 3),
       (29, 'Which former member of the boyband NSYNC had a hit single with “Cry Me a River”?', 3),
       (30, 'Which band’s third album “X&Y”, released in 2005, spawned the hit singles “Fix You” and “Speed of Sound”?', 3),
       (31, 'Which girl band burst onto the scene with their debut single “Wannabe” in 1996?', 3),
       (32, 'With which girl group did Diana Ross rise to fame before she embarked on her solo career?', 3),
       (33, '"Man Eater" and "Promiscuous" were 2006 hits for which artist?', 3),
       (34, 'Who released their first debut album Love. Angel. Music. Baby in 2004?', 3),
       (35, 'Vanessa Carlton became a one-hit wonder for which 2001 song?', 3),
       (36, 'Katy Perry’s first big hit ‘I Kissed a Girl’ came out in what year?', 3),
       (37, 'How old was Britney Spears when her hit song ‘Baby One More Time’ came out in 1998?', 3),
       (38, 'Zac Hanson, the youngest brother of Hanson, was how old when the trio’s classic Mmmbop was released in 1997?', 3),
       (39, 'Which 80s star is recognised by Guinness World Records as the best-selling female recording artist of all time?', 3),
       (40, '‘Walk like an Egyptian’ was a hit song for which group in 1986?', 3),

       (41, 'Which singer famously played two live shows at Folsom Prison in January 1968?', 3),
       (42, 'In 1980, which country legend had a number one hit with “He Stopped Loving Her Today”?', 3),
       (43, 'Which country music star wrote and first recorded “I Will Always Love You”, a song which later became one of the biggest selling singles of all-time for Whitney Houston?', 3),
       (44, '“Much Too Young (To Feel This Damn Old)” was the first single released by which singer?', 3),
       (45, 'Who rose to fame with their debut single “She’s in Love with the Boy” in 1991?', 3),
       (46, 'Whose album “Not a Moment Too Soon”, featuring the number one record of the same name, was the best selling country music album of 1994?', 3),
       (47, '“There’s Your Trouble”, “Cowboy Take Me Away” and “Landslide” were hit records for which country music group?', 3),
       (48, 'Tommy beats up the Gatlin brothers after they assault his woman Becky, in which Kenny Rogers hit song?', 3),
       (49, 'Which singer, known as the “First Lady of Country Music”, is best known for the song “Stand by Your Man”?', 3),
       (50, 'Who releases the single "Space Cowboy" in 2018?', 3),
       (51, 'Who recorded two of his best-selling albums in prison?', 3),
       (52, 'Which Loretta Lynn song inspired a 1980 biographical film of the same name?', 3),
       (53, 'Which Hank Williams song was released posthumously?', 3),
       (54, 'Which singer holds the record for largest indoor concert in North America?', 3),
       (55, 'Which future country music artist witnessed one of Johnny Cash\'s San Quentin concerts firsthand ... as an inmate?', 3),
       (56, 'Which Mississippi Delta queen knocked the Beatles from the top of the charts in 1967?', 3),
       (57, 'Which city is considered the Country Music Capital of the World?', 3),
       (58, 'Who originally recorded Garth Brooks\' 1991 hit "The Thunder Rolls"?', 3),
       (59, 'Which singer/songwriter reportedly landed a helicopter on Johnny Cash\'s lawn to hand deliver a music demo?', 3),
       (60, 'What was Hank Williams real name?', 3),

       (61, 'What is widely regarded as the first hip hop record?', 3),
       (62, 'How many albums did The Notorious B.I.G. release before his death?', 3),
       (63, 'What name did Lil Wayne go by originally?', 3),
       (64, 'Which rapper is known for her alter egos, which include "Cookie", "Harajuku Barbie", and "Roman Zolanski"?', 3),
       (65, 'How many copies of Eminem\'s debut album Infinite did he sell?', 3),
       (66, 'What was the name of Snoop Dogg\'s debut album?', 3),
       (67, 'Who did Jay-Z diss in his song "Takeover"?', 3),
       (68, 'What form of vocal percussion is common in hip hop?', 3),
       (69, 'What does the "B" in Cardi B stand for?', 3),
       (70, 'Which rapper is famous for wearing parachute pants?', 3),
       (71, 'What rapper holds the world record for most words in a hit single?', 3),
       (72, 'Which rapper was controversially removed from the Billboard Hot Country Songs chart in 2019?', 3),
       (73, 'Which rapper claimed to have slept with The Notorious B.I.G.\'s wife in the 1996 diss track "Hit \'Em Up"?', 3),
       (74, 'What did Snoop Dogg change his name to in 2012?', 3),
       (75, 'Who did Jay-Z marry in 2008?', 3),
       (76, 'Which dance craze is Nicki Minaj closely associated with?', 3),
       (77, 'What was the first hip hop group to win an Academy Award for best original song?', 3),
       (78, 'Which rapper has the most face tattoos?', 3),
       (79, 'Who holds the world record for longest freestyle rap?', 3),
       (80, 'Who won the first Grammy for Best Rap Performance?', 3),

       (81,'What scale does the Phrygian mode belong to?',2),
       (82, 'What is the most common time signature?', 2),
       (83, 'What is the third mode of the G Major Scale?',2),
       (84,'Assuming a guitar is in standard tuning, what note is on the 5th fret of the low E string?',2),
       (85,'Which of the following can be played over a b phrygian chord progression?',2),
       (86,'What notes are in the E minor scale?',2);


INSERT INTO answers (answer, is_correct, question_id)
VALUES ('Led Zeppelin', true, 1),
       ('AC/DC', false, 1),
       ('Lynyrd Skynyrd', false, 1),
       ('KISS', false, 1),
       ('Steven Tyler', false, 2),
       ('Jim Morrison', false, 2),
       ('Eddie Vedder', true, 2),
       ('Chris Cornell', false, 2),
       ('Zombieheads', false, 3),
       ('Deadheads', true, 3),
       ('The Devoted Dead', false, 3),
       ('The Grateful Army', false, 3),
       ('Pink Floyd', false, 4),
       ('The Eagles', true, 4),
       ('Michael Jackson', false, 4),
       ('Eric Clapton', false, 4),
       ('Red Hot Chili Peppers', false, 5),
       ('Pearl Jam', false, 5),
       ('The Smashing Pumpkins', false, 5),
       ('Nirvana', true, 5),
       ('You Give Love a Bad Name and Without Love', false, 6),
       ('Living on a Prayer and It’s My Life', true, 6),
       ('Living on a Prayer and You Give Love a Bad Name', false, 6),
       ('It’s My Life and Wanted Dead or Alive', false, 6),
       ('Jerry Lee Lewis', false, 7),
       ('Chuck Berry', false, 7),
       ('Buddy Holly', true, 7),
       ('Waylon Jennings', false, 7),
       ('AC/DC', true, 8),
       ('KISS', false, 8),
       ('Queen', false, 8),
       ('Motley Crew', false, 8),
       ('Steven Tallarico', false, 9),
       ('Vincent Damon Furnier', true, 9),
       ('Eric Patrick Clapton', false, 9),
       ('Gordon Sumner', false, 9),
       ('Slipknot', false, 10),
       ('Metallica', true, 10),
       ('Led Zeppelin', false, 10),
       ('Linkin Park', false, 10),
       ('Anthrax', false, 11),
       ('Slayer', false, 11),
       ('Exodus', false, 11),
       ('Pearl Jam', true, 11),
       ('Highway to Hell', false, 12),
       ('Bring the Noise', false, 12),
       ('High Hopes', false, 12),
       ('War Machine', true, 12),
       ('1990', false, 13),
       ('1971', true, 13),
       ('1980', false, 13),
       ('1960', false, 13),
       ('Steven Van Zandt', false, 14),
       ('Clarence Clemons', false, 14),
       ('Bruce Springsteen', true, 14),
       ('Billy Joel', false, 14),
       ('Russell Crowe', false, 15),
       ('Jack Black', false, 15),
       ('Jared Leto', true, 15),
       ('Ryan Gosling', false, 15),
       ('Heartbreakers', false, 16),
       ('Black Sabbath', true, 16),
       ('Steely Dan', false, 16),
       ('Def Leppard', false, 16),
       ('1975', false, 17),
       ('1995', false, 17),
       ('2011', false, 17),
       ('2001', true, 17),
       ('John Lennon', false, 18),
       ('Ginger Baker', false, 18),
       ('Eric Clapton', true, 18),
       ('Elvis Presley', false, 18),
       ('Patti Smith', false, 19),
       ('Alanis Morissette', true, 19),
       ('Nancy Wilson', false, 19),
       ('Suzi Quatro', false, 19),
       ('Green Day', false, 20),
       ('Evanescence', false, 20),
       ('INXS', false, 20),
       ('Smashing Pumpkins', true, 20),

       ('Michael Jackson', false, 21),
       ('Lenny Kravitz', false, 21),
       ('Prince', true, 21),
       ('Billy Joel', false, 21),
       ('Beyonce', true, 22),
       ('Monica', false, 22),
       ('Avril Lavigne', false, 22),
       ('Brandy', false, 22),
       ('The Script', false, 23),
       ('OneRepublic', false, 23),
       ('The Fray', false, 23),
       ('Maroon 5', true, 23),
       ('Taylor Swift', false, 24),
       ('Sam Smith', false, 24),
       ('Ed Sheeran', true, 24),
       ('Shawn Mendes', false, 24),
       ('Justin Timberlake', false, 25),
       ('Justin Bieber', true, 25),
       ('Selena Gomez', false, 25),
       ('Miley Cyrus', false, 25),
       ('Calvin Harris', true, 26),
       ('Martin Garrix', false, 26),
       ('David Guetta', false, 26),
       ('Avicii', false, 26),
       ('Papa Was a Rollin Stone', false, 27),
       ('My Girl', true, 27),
       ('Get Ready', false, 27),
       ('Ain\'t to Proud To Beg', false, 27),
       ('Let it Be', false, 28),
       ('Here Comes the Sun', false, 28),
       ('Hey Jude', false, 28),
       ('I Want to Hold Your Hand', true, 28),
       ('Nick Lachey', false, 29),
       ('Nick Carter', false, 29),
       ('Lance Bass', false, 29),
       ('Justin Timberlake', true, 29),
       ('OneRepublic', false, 30),
       ('Imagine Dragons', false, 30),
       ('Coldplay', true, 30),
       ('The Chainsmokers', false, 30),
       ('Spice Girls', true, 31),
       ('Destiny\'s Child', false, 31),
       ('The Pussycat Dolls', false, 31),
       ('S Club 7', false, 31),
       ('The Marvelettes', false, 32),
       ('The Supremes', true, 32),
       ('Martha & The Vandellas', false, 32),
       ('The Velvelettes', false, 32),
       ('Natalie Imbruglia', false, 33),
       ('Avril Lavigne', false, 33),
       ('Nelly Furtado', true, 33),
       ('Britney Spears', false, 33),
       ('Gwen Stefani', true, 34),
       ('Kelly Clarkson', false, 34),
       ('P!nk', false, 34),
       ('Jennifer Lopez', false, 34),
       ('A Thousand Years', false, 35),
       ('Someone Like You', false, 35),
       ('Ordinary Day', false, 35),
       ('A Thousand Miles', true, 35),
       ('2009', false, 36),
       ('2007', false, 36),
       ('2008', true, 36),
       ('2006', false, 36),
       ('16', false, 37),
       ('18', false, 37),
       ('17', true, 37),
       ('15', false, 37),
       ('13', false, 38),
       ('11', true, 38),
       ('15', false, 38),
       ('14', false, 38),
       ('Madonna', true, 39),
       ('Diana Ross', false, 39),
       ('Annie Lennox', false, 39),
       ('Gloria Estefan', false, 39),
       ('Bananarama', false, 40),
       ('The Runaways', false, 40),
       ('The Bangles', true, 40),
       ('The Go-Go\'s', false, 40),

       ('Johnny Cash', true, 41),
       ('Merle Haggard', false, 41),
       ('Kris Kristofferson', false, 41),
       ('Willie Nelson', false, 41),
       ('Conway Twitty', false, 42),
       ('Randy Travis', false, 42),
       ('George Jones', true, 42),
       ('Waylon Jennings', false, 42),
       ('Reba McEntire', false, 43),
       ('Dolly Parton', true, 43),
       ('Loretta Lynn', false, 43),
       ('Tanya Tucker', false, 43),
       ('George Strait', false, 44),
       ('Garth Brooks', true, 44),
       ('Alan Jackson', false, 44),
       ('Tim McGraw', false, 44),
       ('Reba McEntire', false, 45),
       ('Carrie Underwood', false, 45),
       ('Martina McBride', false, 45),
       ('Trisha Yearwood', true, 45),
       ('Faith Hill', false, 46),
       ('Tim McGraw', true, 46),
       ('Keith Urban', false, 46),
       ('Brad Paisley', false, 46),
       ('Lady A', false, 47),
       ('Asleep at the Wheel', false, 47),
       ('Dixie Chicks', true, 47),
       ('Little Big Town', false, 47),
       ('Coward of the County', true, 48),
       ('The Gambler', false, 48),
       ('She Believes In Me', false, 48),
       ('Lucille', false, 48),
       ('Loretta Lynn', false, 49),
       ('Tammy Wynette', true, 49),
       ('Patsy Cline', false, 49),
       ('Dolly Parton', false, 49),
       ('Miranda Lambert', false, 50),
       ('Kacey Musgraves', true, 50),
       ('Kelsea Ballerini', false, 50),
       ('Brandy Clark', false, 50),
       ('Hank Williams', false, 51),
       ('Randy Travis', false, 51),
       ('Merle Haggard', false, 51),
       ('Johnny Cash', true, 51),
       ('Entertainer of the Year', false, 52),
       ('Honky Tonk Heroes', false, 52),
       ('Fist City', false, 52),
       ('Coal Miner\'s Daughter', true, 52),
       ('Hey, Good Lookin\'', false, 53),
       ('Your Cheatin\' Heart', true, 53),
       ('Honky Tonk Blues', false, 53),
       ('Never Again (Will I Knock On Your Door)', false, 53),
       ('Tim McGraw', false, 54),
       ('Garth Brooks', false, 54),
       ('George Strait', true, 54),
       ('Shania Twain', false, 54),
       ('Charley Pride', false, 55),
       ('Ronnie Milsap', false, 55),
       ('Merle Haggard', true, 55),
       ('Waylon Jennings', false, 55),
       ('Patsy Cline', false, 56),
       ('Bobbie Gentry', true, 56),
       ('Norma Jean', false, 56),
       ('Loretta Lynn', false, 56),
       ('Memphis', false, 57),
       ('Louisville', false, 57),
       ('Denver', false, 57),
       ('Nashville', true, 57),
       ('Kenny Rogers', false, 58),
       ('Dwight Yoakam', false, 58),
       ('Tanya Tucker', true, 58),
       ('Reba McEntire', false, 58),
       ('Glen Campbell', false, 59),
       ('Kris Kristofferson', true, 59),
       ('Kenny Rogers', false, 59),
       ('Charlie Daniels', false, 59),
       ('Hudson', false, 60),
       ('Holden', false, 60),
       ('Hector', false, 60),
       ('Hiram', true, 60),

       ('8th Wonder', false, 61),
       ('Rappin\' Blow, Part 2', false, 61),
       ('Rapper\'s Delight', true, 61),
       ('Go-Go Crankin', false, 61),
       ('1', true, 62),
       ('3', false, 62),
       ('2', false, 62),
       ('4', false, 62),
       ('Lil Daddy', false, 63),
       ('Baby Daddy', false, 63),
       ('Pimp Daddy', false, 63),
       ('Shrimp Daddy', true, 63),
       ('Missy Elliott', false, 64),
       ('Cardi B', false, 64),
       ('Nicki Minaj', true, 64),
       ('Lil Kim', false, 64),
       ('10,000', false, 65),
       ('1,000', true, 65),
       ('1,000,000', false, 65),
       ('100,000', false, 65),
       ('Doggystyle', true, 66),
       ('Doggumentary', false, 66),
       ('The Doggfather', false, 66),
       ('No Limit Top Dogg', false, 66),
       ('Meek Mill', false, 67),
       ('Nas', true, 67),
       ('Nicki Minaj', false, 67),
       ('Drake', false, 67),
       ('Mouthdrumming', false, 68),
       ('Chopbusting', false, 68),
       ('Freestyling', false, 68),
       ('Beatboxing', true, 68),
       ('Bazookas', false, 69),
       ('Beatboxer', false, 69),
       ('Bikini', false, 69),
       ('Bacardi', true, 69),
       ('Ice Cube', false, 70),
       ('Snoop Dogg', false, 70),
       ('MC Hammer', true, 70),
       ('Lauryn Hill', false, 70),
       ('Eminem', true, 71),
       ('Busta Rhymes', false, 71),
       ('50 Cent', false, 71),
       ('Kanye West', false, 71),
       ('Blanco Brown', false, 72),
       ('Lil Nas X', true, 72),
       ('Nelly', false, 72),
       ('Kid Rock', false, 72),
       ('Ice Cube', false, 73),
       ('Snoop Dogg', false, 73),
       ('2Pac', true, 73),
       ('Dr. Dre', false, 73),
       ('Snoop Lion', true, 74),
       ('Snoop Vulture', false, 74),
       ('Snoop Dragon', false, 74),
       ('An Unpronounceable Symbol', false, 74),
       ('Rihanna', false, 75),
       ('Foxy Brown', false, 75),
       ('Missy Elliott', false, 75),
       ('Beyonce', true, 75),
       ('Whip/Nae Nae', false, 76),
       ('The Floss', false, 76),
       ('Twerking', true, 76),
       ('Shooting', false, 76),
       ('Fugees', false, 77),
       ('Salt-N-Pepa', false, 77),
       ('Three 6 Mafia', true, 77),
       ('Wu-Tang-Clan', false, 77),
       ('Trippie Red', false, 78),
       ('Lil Wayne', true, 78),
       ('Post Malone', false, 78),
       ('Gucci Mane', false, 78),
       ('FRZY', true, 79),
       ('M-Eighty', false, 79),
       ('KJ52', false, 79),
       ('Chiddy', false, 79),
       ('LL Cool J', false, 80),
       ('Kool Moe Dee', false, 80),
       ('DJ Jazzy Jeff & The Fresh Prince', true, 80),
       ('Young MC', false, 80),

       ('Harmonic Minor',true,81),
       ('Diminished',false,81),
       ('Pentatonic',false,81),
       ('Major',false,81),
       ('4/4',true,82),
       ('7/8',false,82),
       ('5/4',false,82),
       ('6/4',false,82),
       ('Phrygian',true,83),
       ('Dorian',false,83),
       ('Aeolian',false,83),
       ('Mixolydian',false,83),
       ('B',false,84),
       ('F#',false,84),
       ('B flat',false,84),
       ('A',true,84),
       ('E major scale',false,85),
       ('E phrygian dominant',false,85),
       ('E Hungarian Minor',true,85),
       ('G Minor',false,85),
       ('E,E#,F,D,A,B,Octave',false,86),
       ('E,F,A♭,A,B,B#,E#',false,86),
       ('E,F#,G,A,B,C,D',true,86),
       ('G♭,G,A,B,B#,C#,Octave',false,86);




INSERT INTO questions_genres (question_id, genre_id)
VALUES (1,1), (2,1), (3,1), (4,1), (5,1), (6,1), (7,1), (8,1), (9,1), (10,1), (11,1), (12,1), (13,1), (14,1), (15,1), (16,1), (17,1), (18,1), (19,1), (20,1),
       (21,3), (22,3), (23,3), (24,3), (25,3), (26,3), (27,3), (28,3), (29,3), (30,3), (31,3), (32,3), (33,3), (34,3), (35,3), (36,3), (37,3), (38,3), (39,3), (40,3),
       (41,4), (42,4), (43,4), (44,4), (45,4), (46,4), (47,4), (48,4), (49,4), (50,4), (51,4), (52,4), (53,4), (54,4), (55,4), (56,4), (57,4), (58,4), (59,4), (60,4),
       (61,2), (62,2), (63,2), (64,2), (65,2), (66,2), (67,2), (68,2), (69,2), (70,2), (71,2), (72,2), (73,2), (74,2), (75,2), (76,2), (77,2), (78,2), (79,2), (80,2);

